{
  "backend": {
    "/health": {
      "endpoint": "/health",
      "sequential": {
        "avg": 2.0058333000000013,
        "min": 0.5004580000000018,
        "max": 12.941624999999998,
        "median": 0.6560420000000011,
        "p95": 12.941624999999998,
        "p99": 12.941624999999998
      },
      "concurrent": {
        "totalTime": 2.122209000000005,
        "successful": 5,
        "failed": 0,
        "throughput": 2356.035621373761
      },
      "errors": 0,
      "successRate": 100
    },
    "/api/v1/chat": {
      "endpoint": "/api/v1/chat",
      "sequential": {
        "avg": 3.9888000000000035,
        "min": 0.6076249999999987,
        "max": 27.363292,
        "median": 1.1819170000000057,
        "p95": 27.363292,
        "p99": 27.363292
      },
      "concurrent": {
        "totalTime": 3.043333000000004,
        "successful": 5,
        "failed": 0,
        "throughput": 1642.9355578242648
      },
      "errors": 10,
      "successRate": 0
    },
    "/api/v1/agents": {
      "endpoint": "/api/v1/agents",
      "sequential": {
        "avg": 1.7027167999999988,
        "min": 0.3840419999999938,
        "max": 3.653209000000004,
        "median": 1.3964789999999994,
        "p95": 3.653209000000004,
        "p99": 3.653209000000004
      },
      "concurrent": {
        "totalTime": 3.7751250000000027,
        "successful": 5,
        "failed": 0,
        "throughput": 1324.4594549849332
      },
      "errors": 0,
      "successRate": 100
    },
    "/api/v1/memory": {
      "endpoint": "/api/v1/memory",
      "sequential": {
        "avg": 2.094283200000004,
        "min": 1.1166660000000093,
        "max": 3.8784160000000014,
        "median": 1.4506040000000056,
        "p95": 3.8784160000000014,
        "p99": 3.8784160000000014
      },
      "concurrent": {
        "totalTime": 6.5575000000000045,
        "successful": 5,
        "failed": 0,
        "throughput": 762.4857033930609
      },
      "errors": 10,
      "successRate": 0
    },
    "/metrics": {
      "endpoint": "/metrics",
      "sequential": {
        "avg": 1.7886209000000037,
        "min": 0.9199169999999981,
        "max": 4.684207999999984,
        "median": 1.1994789999999966,
        "p95": 4.684207999999984,
        "p99": 4.684207999999984
      },
      "concurrent": {
        "totalTime": 4.143624999999986,
        "successful": 5,
        "failed": 0,
        "throughput": 1206.6729011433267
      },
      "errors": 0,
      "successRate": 100
    }
  },
  "mobile": {
    "error": "Command failed: xcrun simctl launch 9E201695-F363-41B8-B011-613F4B0F91DE com.universalaitools.app\nAn error was encountered processing the command (domain=FBSOpenApplicationServiceErrorDomain, code=4):\nSimulator device failed to launch com.universalaitools.app.\nUnderlying error (domain=FBSOpenApplicationServiceErrorDomain, code=4):\n\tThe request to open \"com.universalaitools.app\" failed.\n"
  },
  "system": {
    "memory": {
      "availableGB": 4.615428924560547,
      "timestamp": "2025-09-05T03:31:39.917Z"
    },
    "cpu": {
      "user": 23.9,
      "system": 36.91,
      "idle": 39.17
    },
    "processes": [
      {
        "pid": "14292",
        "cpu": 66.6,
        "memory": 0.7,
        "command": "/opt/homebrew/Cellar/node@22/22.18.0/bin/node --require /Users/christianmerrill/Desktop/universal-ai-tools/node_modules/tsx/dist/preflight.cjs --import file:///Users/christianmerrill/Desktop/universal-ai-tools/node_modules/tsx/dist/loader.mjs src/server.ts"
      },
      {
        "pid": "14291",
        "cpu": 66.5,
        "memory": 0.7,
        "command": "/opt/homebrew/Cellar/node@22/22.18.0/bin/node --require /Users/christianmerrill/Desktop/universal-ai-tools/node_modules/tsx/dist/preflight.cjs --import file:///Users/christianmerrill/Desktop/universal-ai-tools/node_modules/tsx/dist/loader.mjs src/server.ts"
      },
      {
        "pid": "14340",
        "cpu": 0,
        "memory": 0,
        "command": "/Users/christianmerrill/Desktop/universal-ai-tools/node_modules/@esbuild/darwin-arm64/bin/esbuild --service=0.25.6 --ping"
      },
      {
        "pid": "14335",
        "cpu": 0,
        "memory": 0,
        "command": "/Users/christianmerrill/Desktop/universal-ai-tools/node_modules/@esbuild/darwin-arm64/bin/esbuild --service=0.25.6 --ping"
      },
      {
        "pid": "19127",
        "cpu": 0,
        "memory": 0.1,
        "command": "node /Users/christianmerrill/Desktop/universal-ai-tools/node_modules/.bin/tsx watch --clear-screen=false src/server.ts"
      },
      {
        "pid": "10957",
        "cpu": 0,
        "memory": 0.1,
        "command": "node /Users/christianmerrill/Desktop/universal-ai-tools/node_modules/.bin/tsx watch --clear-screen=false src/server.ts"
      },
      {
        "pid": "31957",
        "cpu": 0,
        "memory": 0,
        "command": "/opt/homebrew/Cellar/node@22/22.18.0/bin/node --require /Users/christianmerrill/Desktop/universal-ai-tools/node_modules/tsx/dist/preflight.cjs --import file:///Users/christianmerrill/Desktop/universal-ai-tools/node_modules/tsx/dist/loader.mjs /Users/christianmerrill/Desktop/universal-ai-tools/src/mcp/supabase-mcp-server.ts"
      },
      {
        "pid": "31955",
        "cpu": 0,
        "memory": 0,
        "command": "node /Users/christianmerrill/Desktop/universal-ai-tools/node_modules/.bin/tsx /Users/christianmerrill/Desktop/universal-ai-tools/src/mcp/supabase-mcp-server.ts"
      },
      {
        "pid": "31821",
        "cpu": 0,
        "memory": 0,
        "command": "/Users/christianmerrill/Desktop/universal-ai-tools/node_modules/@esbuild/darwin-arm64/bin/esbuild --service=0.25.6 --ping"
      },
      {
        "pid": "31532",
        "cpu": 0,
        "memory": 0,
        "command": "/opt/homebrew/Cellar/node@22/22.18.0/bin/node --require /Users/christianmerrill/Desktop/universal-ai-tools/node_modules/tsx/dist/preflight.cjs --import file:///Users/christianmerrill/Desktop/universal-ai-tools/node_modules/tsx/dist/loader.mjs src/server.ts"
      },
      {
        "pid": "31518",
        "cpu": 0,
        "memory": 0,
        "command": "node /Users/christianmerrill/Desktop/universal-ai-tools/node_modules/.bin/tsx watch --clear-screen=false src/server.ts"
      },
      {
        "pid": "17582",
        "cpu": 0,
        "memory": 0,
        "command": "node /Users/christianmerrill/.npm/_npx/99336612077b7094/node_modules/.bin/xcodebuildmcp"
      },
      {
        "pid": "17562",
        "cpu": 0,
        "memory": 0,
        "command": "node /Users/christianmerrill/Desktop/universal-ai-tools/node_modules/.bin/mcp-server-github"
      },
      {
        "pid": "17205",
        "cpu": 0,
        "memory": 0,
        "command": "/Applications/Cursor.app/Contents/Frameworks/Cursor Helper (Plugin).app/Contents/MacOS/Cursor Helper (Plugin) /Users/christianmerrill/.cursor/extensions/dbaeumer.vscode-eslint-3.0.16-universal/server/out/eslintServer.js --node-ipc --clientProcessId=11696"
      },
      {
        "pid": "14366",
        "cpu": 0,
        "memory": 0,
        "command": "node /Users/christianmerrill/.npm/_npx/99336612077b7094/node_modules/.bin/xcodebuildmcp"
      },
      {
        "pid": "14338",
        "cpu": 0,
        "memory": 0,
        "command": "node /Users/christianmerrill/Desktop/universal-ai-tools/node_modules/.bin/mcp-server-github"
      },
      {
        "pid": "13552",
        "cpu": 0,
        "memory": 0,
        "command": "node /Users/christianmerrill/.npm/_npx/99336612077b7094/node_modules/.bin/xcodebuildmcp"
      },
      {
        "pid": "13513",
        "cpu": 0,
        "memory": 0,
        "command": "node /Users/christianmerrill/Desktop/universal-ai-tools/node_modules/.bin/mcp-server-github"
      },
      {
        "pid": "13498",
        "cpu": 0,
        "memory": 0,