{
  "timestamp": "2025-10-24T18:25:49.719820",
  "performance_metrics": {
    "profile_service": {
      "family_summary_time": 6.341934204101562e-05,
      "member_retrieval_time": 1.6689300537109375e-06,
      "age_appropriate_response_time": 6.4373016357421875e-06,
      "total_members": 4
    },
    "calendar_service": {
      "schedule_retrieval_time": 7.462501525878906e-05,
      "meeting_suggestions_time": 0.0001659393310546875,
      "conflict_detection_time": 2.09808349609375e-05,
      "total_events": 3,
      "suggestions_count": 5
    },
    "knowledge_service": {
      "search_time": 1.7642974853515625e-05,
      "category_filtering_time": 2.86102294921875e-06,
      "summary_time": 5.984306335449219e-05,
      "member_knowledge_time": 2.384185791015625e-06,
      "total_items": 5,
      "search_results": 1
    },
    "cross_service": {
      "dashboard_generation_time": 8.106231689453125e-05,
      "family_members": 4,
      "today_events_count": 0,
      "knowledge_items": 5
    }
  },
  "load_test_results": {
    "concurrent_requests": 20,
    "total_time": 0.0013020038604736328,
    "avg_response_time": 5.611181259155273e-05,
    "min_response_time": 3.814697265625e-05,
    "max_response_time": 7.224082946777344e-05,
    "requests_per_second": 15360.937557223951,
    "response_times": [
      5.245208740234375e-05,
      4.172325134277344e-05,
      3.8623809814453125e-05,
      3.814697265625e-05,
      3.814697265625e-05,
      4.267692565917969e-05,
      5.745887756347656e-05,
      6.008148193359375e-05,
      7.224082946777344e-05,
      6.079673767089844e-05,
      6.222724914550781e-05,
      6.103515625e-05,
      6.413459777832031e-05,
      6.365776062011719e-05,
      6.222724914550781e-05,
      6.198883056640625e-05,
      6.079673767089844e-05,
      6.103515625e-05,
      6.198883056640625e-05,
      6.079673767089844e-05
    ]
  },
  "summary": {
    "total_services_tested": 4,
    "load_tests_completed": 0,
    "performance_status": "EXCELLENT"
  }
}